trade_count,generated_at
0,06:05:54
0,06:10:56
0,06:15:56
0,06:20:57
0,06:25:58
0,06:30:59
0,06:35:59
0,06:41:00
0,06:46:01
0,06:51:01
0,06:56:02
0,07:01:03
0,07:06:04
0,07:11:04
0,07:16:05
0,07:21:06
0,07:26:07
0,07:31:08
0,07:36:08
0,07:41:09
0,07:46:10
0,07:51:11
0,07:56:11
0,08:01:13
08:06:14,1,1.0,0.0,inf,0.0566,0.0566,0.0,0.0566,0.0566,0,0.0065921,0.0566,0.0566,4160.017828702927,0.0
08:11:14,1,1.0,0.0,inf,0.0566,0.0566,0.0,0.0566,0.0566,0,0.0065921,0.0566,0.0566,4160.017828702927,0.0
08:16:15,1,1.0,0.0,inf,0.0566,0.0566,0.0,0.0566,0.0566,0,0.0065921,0.0566,0.0566,4160.017828702927,0.0
08:21:16,1,1.0,0.0,inf,0.0566,0.0566,0.0,0.0566,0.0566,0,0.0065921,0.0566,0.0566,4160.017828702927,0.0
08:26:17,1,1.0,0.0,inf,0.0566,0.0566,0.0,0.0566,0.0566,0,0.0065921,0.0566,0.0566,4160.017828702927,0.0
08:31:18,1,1.0,0.0,inf,0.0566,0.0566,0.0,0.0566,0.0566,0,0.0065921,0.0566,0.0566,4160.017828702927,0.0
08:36:18,1,1.0,0.0,inf,0.0566,0.0566,0.0,0.0566,0.0566,0,0.0065921,0.0566,0.0566,4160.017828702927,0.0
08:41:19,1,1.0,0.0,inf,0.0566,0.0566,0.0,0.0566,0.0566,0,0.0065921,0.0566,0.0566,4160.017828702927,0.0
08:46:20,1,1.0,0.0,inf,0.0566,0.0566,0.0,0.0566,0.0566,0,0.0065921,0.0566,0.0566,4160.017828702927,0.0
08:51:20,1,1.0,0.0,inf,0.0566,0.0566,0.0,0.0566,0.0566,0,0.0065921,0.0566,0.0566,4160.017828702927,0.0
08:56:21,1,1.0,0.0,inf,0.0566,0.0566,0.0,0.0566,0.0566,0,0.0065921,0.0566,0.0566,4160.017828702927,0.0
09:01:22,1,1.0,0.0,inf,0.0566,0.0566,0.0,0.0566,0.0566,0,0.0065921,0.0566,0.0566,4160.017828702927,0.0
09:06:23,1,1.0,0.0,inf,0.0566,0.0566,0.0,0.0566,0.0566,0,0.0065921,0.0566,0.0566,4160.017828702927,0.0
09:11:24,1,1.0,0.0,inf,0.0566,0.0566,0.0,0.0566,0.0566,0,0.0065921,0.0566,0.0566,4160.017828702927,0.0
09:16:25,1,1.0,0.0,inf,0.0566,0.0566,0.0,0.0566,0.0566,0,0.0065921,0.0566,0.0566,4160.017828702927,0.0
09:21:25,1,1.0,0.0,inf,0.0566,0.0566,0.0,0.0566,0.0566,0,0.0065921,0.0566,0.0566,4160.017828702927,0.0
09:26:26,1,1.0,0.0,inf,0.0566,0.0566,0.0,0.0566,0.0566,0,0.0065921,0.0566,0.0566,4160.017828702927,0.0
09:31:27,1,1.0,0.0,inf,0.0566,0.0566,0.0,0.0566,0.0566,0,0.0065921,0.0566,0.0566,4160.017828702927,0.0
09:36:28,2,0.5,0.5,1.3821733821733821,0.007824999999999999,0.0566,0.04095,0.015649999999999997,0.0566,0.04095,0.066218045,0.0566,-0.04095,2133.4672619104385,0.0
09:41:29,2,0.5,0.5,1.3821733821733821,0.007824999999999999,0.0566,0.04095,0.015649999999999997,0.0566,0.04095,0.066218045,0.0566,-0.04095,2133.4672619104385,0.0
09:46:30,2,0.5,0.5,1.3821733821733821,0.007824999999999999,0.0566,0.04095,0.015649999999999997,0.0566,0.04095,0.066218045,0.0566,-0.04095,2133.4672619104385,0.0
09:51:30,2,0.5,0.5,1.3821733821733821,0.007824999999999999,0.0566,0.04095,0.015649999999999997,0.0566,0.04095,0.066218045,0.0566,-0.04095,2133.4672619104385,0.0
09:56:31,2,0.5,0.5,1.3821733821733821,0.007824999999999999,0.0566,0.04095,0.015649999999999997,0.0566,0.04095,0.066218045,0.0566,-0.04095,2133.4672619104385,0.0
10:01:32,2,0.5,0.5,1.3821733821733821,0.007824999999999999,0.0566,0.04095,0.015649999999999997,0.0566,0.04095,0.066218045,0.0566,-0.04095,2133.4672619104385,0.0
10:06:33,2,0.5,0.5,1.3821733821733821,0.007824999999999999,0.0566,0.04095,0.015649999999999997,0.0566,0.04095,0.066218045,0.0566,-0.04095,2133.4672619104385,0.0
10:11:33,2,0.5,0.5,1.3821733821733821,0.007824999999999999,0.0566,0.04095,0.015649999999999997,0.0566,0.04095,0.066218045,0.0566,-0.04095,2133.4672619104385,0.0
10:16:34,2,0.5,0.5,1.3821733821733821,0.007824999999999999,0.0566,0.04095,0.015649999999999997,0.0566,0.04095,0.066218045,0.0566,-0.04095,2133.4672619104385,0.0
10:21:35,2,0.5,0.5,1.3821733821733821,0.007824999999999999,0.0566,0.04095,0.015649999999999997,0.0566,0.04095,0.066218045,0.0566,-0.04095,2133.4672619104385,0.0
10:26:36,2,0.5,0.5,1.3821733821733821,0.007824999999999999,0.0566,0.04095,0.015649999999999997,0.0566,0.04095,0.066218045,0.0566,-0.04095,2133.4672619104385,0.0
10:31:36,2,0.5,0.5,1.3821733821733821,0.007824999999999999,0.0566,0.04095,0.015649999999999997,0.0566,0.04095,0.066218045,0.0566,-0.04095,2133.4672619104385,0.0
10:36:37,2,0.5,0.5,1.3821733821733821,0.007824999999999999,0.0566,0.04095,0.015649999999999997,0.0566,0.04095,0.066218045,0.0566,-0.04095,2133.4672619104385,0.0
10:41:38,2,0.5,0.5,1.3821733821733821,0.007824999999999999,0.0566,0.04095,0.015649999999999997,0.0566,0.04095,0.066218045,0.0566,-0.04095,2133.4672619104385,0.0
10:46:39,2,0.5,0.5,1.3821733821733821,0.007824999999999999,0.0566,0.04095,0.015649999999999997,0.0566,0.04095,0.066218045,0.0566,-0.04095,2133.4672619104385,0.0
10:51:39,2,0.5,0.5,1.3821733821733821,0.007824999999999999,0.0566,0.04095,0.015649999999999997,0.0566,0.04095,0.066218045,0.0566,-0.04095,2133.4672619104385,0.0
10:56:40,2,0.5,0.5,1.3821733821733821,0.007824999999999999,0.0566,0.04095,0.015649999999999997,0.0566,0.04095,0.066218045,0.0566,-0.04095,2133.4672619104385,0.0
11:01:41,2,0.5,0.5,1.3821733821733821,0.007824999999999999,0.0566,0.04095,0.015649999999999997,0.0566,0.04095,0.066218045,0.0566,-0.04095,2133.4672619104385,0.0
11:06:41,2,0.5,0.5,1.3821733821733821,0.007824999999999999,0.0566,0.04095,0.015649999999999997,0.0566,0.04095,0.066218045,0.0566,-0.04095,2133.4672619104385,0.0
11:11:42,2,0.5,0.5,1.3821733821733821,0.007824999999999999,0.0566,0.04095,0.015649999999999997,0.0566,0.04095,0.066218045,0.0566,-0.04095,2133.4672619104385,0.0
11:16:43,2,0.5,0.5,1.3821733821733821,0.007824999999999999,0.0566,0.04095,0.015649999999999997,0.0566,0.04095,0.066218045,0.0566,-0.04095,2133.4672619104385,0.0
11:21:44,2,0.5,0.5,1.3821733821733821,0.007824999999999999,0.0566,0.04095,0.015649999999999997,0.0566,0.04095,0.066218045,0.0566,-0.04095,2133.4672619104385,0.0
11:26:44,2,0.5,0.5,1.3821733821733821,0.007824999999999999,0.0566,0.04095,0.015649999999999997,0.0566,0.04095,0.066218045,0.0566,-0.04095,2133.4672619104385,0.0
11:31:45,2,0.5,0.5,1.3821733821733821,0.007824999999999999,0.0566,0.04095,0.015649999999999997,0.0566,0.04095,0.066218045,0.0566,-0.04095,2133.4672619104385,0.0
11:36:46,2,0.5,0.5,1.3821733821733821,0.007824999999999999,0.0566,0.04095,0.015649999999999997,0.0566,0.04095,0.066218045,0.0566,-0.04095,2133.4672619104385,0.0
11:41:47,2,0.5,0.5,1.3821733821733821,0.007824999999999999,0.0566,0.04095,0.015649999999999997,0.0566,0.04095,0.066218045,0.0566,-0.04095,2133.4672619104385,0.0
11:46:47,2,0.5,0.5,1.3821733821733821,0.007824999999999999,0.0566,0.04095,0.015649999999999997,0.0566,0.04095,0.066218045,0.0566,-0.04095,2133.4672619104385,0.0
11:51:48,2,0.5,0.5,1.3821733821733821,0.007824999999999999,0.0566,0.04095,0.015649999999999997,0.0566,0.04095,0.066218045,0.0566,-0.04095,2133.4672619104385,0.0
11:56:49,2,0.5,0.5,1.3821733821733821,0.007824999999999999,0.0566,0.04095,0.015649999999999997,0.0566,0.04095,0.066218045,0.0566,-0.04095,2133.4672619104385,0.0
12:01:50,2,0.5,0.5,1.3821733821733821,0.007824999999999999,0.0566,0.04095,0.015649999999999997,0.0566,0.04095,0.066218045,0.0566,-0.04095,2133.4672619104385,0.0
12:06:50,2,0.5,0.5,1.3821733821733821,0.007824999999999999,0.0566,0.04095,0.015649999999999997,0.0566,0.04095,0.066218045,0.0566,-0.04095,2133.4672619104385,0.0
12:11:51,2,0.5,0.5,1.3821733821733821,0.007824999999999999,0.0566,0.04095,0.015649999999999997,0.0566,0.04095,0.066218045,0.0566,-0.04095,2133.4672619104385,0.0
12:16:52,2,0.5,0.5,1.3821733821733821,0.007824999999999999,0.0566,0.04095,0.015649999999999997,0.0566,0.04095,0.066218045,0.0566,-0.04095,2133.4672619104385,0.0
12:21:53,2,0.5,0.5,1.3821733821733821,0.007824999999999999,0.0566,0.04095,0.015649999999999997,0.0566,0.04095,0.066218045,0.0566,-0.04095,2133.4672619104385,0.0
12:26:54,2,0.5,0.5,1.3821733821733821,0.007824999999999999,0.0566,0.04095,0.015649999999999997,0.0566,0.04095,0.066218045,0.0566,-0.04095,2133.4672619104385,0.0
12:31:54,2,0.5,0.5,1.3821733821733821,0.007824999999999999,0.0566,0.04095,0.015649999999999997,0.0566,0.04095,0.066218045,0.0566,-0.04095,2133.4672619104385,0.0
12:36:55,2,0.5,0.5,1.3821733821733821,0.007824999999999999,0.0566,0.04095,0.015649999999999997,0.0566,0.04095,0.066218045,0.0566,-0.04095,2133.4672619104385,0.0
12:41:56,2,0.5,0.5,1.3821733821733821,0.007824999999999999,0.0566,0.04095,0.015649999999999997,0.0566,0.04095,0.066218045,0.0566,-0.04095,2133.4672619104385,0.0
12:46:57,2,0.5,0.5,1.3821733821733821,0.007824999999999999,0.0566,0.04095,0.015649999999999997,0.0566,0.04095,0.066218045,0.0566,-0.04095,2133.4672619104385,0.0
12:51:57,2,0.5,0.5,1.3821733821733821,0.007824999999999999,0.0566,0.04095,0.015649999999999997,0.0566,0.04095,0.066218045,0.0566,-0.04095,2133.4672619104385,0.0
12:56:58,2,0.5,0.5,1.3821733821733821,0.007824999999999999,0.0566,0.04095,0.015649999999999997,0.0566,0.04095,0.066218045,0.0566,-0.04095,2133.4672619104385,0.0
13:01:59,2,0.5,0.5,1.3821733821733821,0.007824999999999999,0.0566,0.04095,0.015649999999999997,0.0566,0.04095,0.066218045,0.0566,-0.04095,2133.4672619104385,0.0
13:07:00,2,0.5,0.5,1.3821733821733821,0.007824999999999999,0.0566,0.04095,0.015649999999999997,0.0566,0.04095,0.066218045,0.0566,-0.04095,2133.4672619104385,0.0
13:12:01,2,0.5,0.5,1.3821733821733821,0.007824999999999999,0.0566,0.04095,0.015649999999999997,0.0566,0.04095,0.066218045,0.0566,-0.04095,2133.4672619104385,0.0
13:17:02,2,0.5,0.5,1.3821733821733821,0.007824999999999999,0.0566,0.04095,0.015649999999999997,0.0566,0.04095,0.066218045,0.0566,-0.04095,2133.4672619104385,0.0
13:22:02,2,0.5,0.5,1.3821733821733821,0.007824999999999999,0.0566,0.04095,0.015649999999999997,0.0566,0.04095,0.066218045,0.0566,-0.04095,2133.4672619104385,0.0
13:27:03,2,0.5,0.5,1.3821733821733821,0.007824999999999999,0.0566,0.04095,0.015649999999999997,0.0566,0.04095,0.066218045,0.0566,-0.04095,2133.4672619104385,0.0
13:32:04,2,0.5,0.5,1.3821733821733821,0.007824999999999999,0.0566,0.04095,0.015649999999999997,0.0566,0.04095,0.066218045,0.0566,-0.04095,2133.4672619104385,0.0
13:37:05,2,0.5,0.5,1.3821733821733821,0.007824999999999999,0.0566,0.04095,0.015649999999999997,0.0566,0.04095,0.066218045,0.0566,-0.04095,2133.4672619104385,0.0
13:42:06,2,0.5,0.5,1.3821733821733821,0.007824999999999999,0.0566,0.04095,0.015649999999999997,0.0566,0.04095,0.066218045,0.0566,-0.04095,2133.4672619104385,0.0
13:47:06,3,0.3333333333333333,0.6666666666666666,0.8820321022284555,-0.0025233333333333358,0.0566,0.032085,-0.007570000000000004,0.0566,0.06417,0.125983085,0.0566,-0.04095,1485.1165183385212,0.0
13:52:07,4,0.25,0.75,0.03814298929262269,-0.3568224975,0.0566,0.4946299966666667,-1.42728999,0.0566,1.48388999,1.2247951849953502,0.0566,-1.41971999,1132.7947121858597,1.0
13:57:08,4,0.25,0.75,0.03814298929262269,-0.3568224975,0.0566,0.4946299966666667,-1.42728999,0.0566,1.48388999,1.2247951849953502,0.0566,-1.41971999,1132.7947121858597,1.0
14:02:09,4,0.25,0.75,0.03814298929262269,-0.3568224975,0.0566,0.4946299966666667,-1.42728999,0.0566,1.48388999,1.2247951849953502,0.0566,-1.41971999,1132.7947121858597,1.0
14:07:10,4,0.25,0.75,0.03814298929262269,-0.3568224975,0.0566,0.4946299966666667,-1.42728999,0.0566,1.48388999,1.2247951849953502,0.0566,-1.41971999,1132.7947121858597,1.0
14:12:11,4,0.25,0.75,0.03814298929262269,-0.3568224975,0.0566,0.4946299966666667,-1.42728999,0.0566,1.48388999,1.2247951849953502,0.0566,-1.41971999,1132.7947121858597,1.0
14:17:12,4,0.25,0.75,0.03814298929262269,-0.3568224975,0.0566,0.4946299966666667,-1.42728999,0.0566,1.48388999,1.2247951849953502,0.0566,-1.41971999,1132.7947121858597,1.0
14:22:13,4,0.25,0.75,0.03814298929262269,-0.3568224975,0.0566,0.4946299966666667,-1.42728999,0.0566,1.48388999,1.2247951849953502,0.0566,-1.41971999,1132.7947121858597,1.0
14:27:14,4,0.25,0.75,0.03814298929262269,-0.3568224975,0.0566,0.4946299966666667,-1.42728999,0.0566,1.48388999,1.2247951849953502,0.0566,-1.41971999,1132.7947121858597,1.0
14:32:14,4,0.25,0.75,0.03814298929262269,-0.3568224975,0.0566,0.4946299966666667,-1.42728999,0.0566,1.48388999,1.2247951849953502,0.0566,-1.41971999,1132.7947121858597,1.0
14:37:15,4,0.25,0.75,0.03814298929262269,-0.3568224975,0.0566,0.4946299966666667,-1.42728999,0.0566,1.48388999,1.2247951849953502,0.0566,-1.41971999,1132.7947121858597,1.0
14:42:16,4,0.25,0.75,0.03814298929262269,-0.3568224975,0.0566,0.4946299966666667,-1.42728999,0.0566,1.48388999,1.2247951849953502,0.0566,-1.41971999,1132.7947121858597,1.0
14:47:17,5,0.2,0.8,0.0371067249330535,-0.293745996,0.0566,0.381332495,-1.46872998,0.0566,1.52532998,1.27822238499535,0.0566,-1.41971999,958.5717673301697,0.8
14:52:18,5,0.2,0.8,0.0371067249330535,-0.293745996,0.0566,0.381332495,-1.46872998,0.0566,1.52532998,1.27822238499535,0.0566,-1.41971999,958.5717673301697,0.8
14:57:19,5,0.2,0.8,0.0371067249330535,-0.293745996,0.0566,0.381332495,-1.46872998,0.0566,1.52532998,1.27822238499535,0.0566,-1.41971999,958.5717673301697,0.8
15:02:19,5,0.2,0.8,0.0371067249330535,-0.293745996,0.0566,0.381332495,-1.46872998,0.0566,1.52532998,1.27822238499535,0.0566,-1.41971999,958.5717673301697,0.8
15:07:20,5,0.2,0.8,0.0371067249330535,-0.293745996,0.0566,0.381332495,-1.46872998,0.0566,1.52532998,1.27822238499535,0.0566,-1.41971999,958.5717673301697,0.8
15:12:21,5,0.2,0.8,0.0371067249330535,-0.293745996,0.0566,0.381332495,-1.46872998,0.0566,1.52532998,1.27822238499535,0.0566,-1.41971999,958.5717673301697,0.8
15:17:22,5,0.2,0.8,0.0371067249330535,-0.293745996,0.0566,0.381332495,-1.46872998,0.0566,1.52532998,1.27822238499535,0.0566,-1.41971999,958.5717673301697,0.8
15:22:23,5,0.2,0.8,0.0371067249330535,-0.293745996,0.0566,0.381332495,-1.46872998,0.0566,1.52532998,1.27822238499535,0.0566,-1.41971999,958.5717673301697,0.8
15:27:24,5,0.2,0.8,0.0371067249330535,-0.293745996,0.0566,0.381332495,-1.46872998,0.0566,1.52532998,1.27822238499535,0.0566,-1.41971999,958.5717673301697,0.8
15:32:24,5,0.2,0.8,0.0371067249330535,-0.293745996,0.0566,0.381332495,-1.46872998,0.0566,1.52532998,1.27822238499535,0.0566,-1.41971999,958.5717673301697,0.8
15:37:25,5,0.2,0.8,0.0371067249330535,-0.293745996,0.0566,0.381332495,-1.46872998,0.0566,1.52532998,1.27822238499535,0.0566,-1.41971999,958.5717673301697,0.8
15:42:26,5,0.2,0.8,0.0371067249330535,-0.293745996,0.0566,0.381332495,-1.46872998,0.0566,1.52532998,1.27822238499535,0.0566,-1.41971999,958.5717673301697,0.8
15:47:27,5,0.2,0.8,0.0371067249330535,-0.293745996,0.0566,0.381332495,-1.46872998,0.0566,1.52532998,1.27822238499535,0.0566,-1.41971999,958.5717673301697,0.8
15:52:28,5,0.2,0.8,0.0371067249330535,-0.293745996,0.0566,0.381332495,-1.46872998,0.0566,1.52532998,1.27822238499535,0.0566,-1.41971999,958.5717673301697,0.8
15:57:29,5,0.2,0.8,0.0371067249330535,-0.293745996,0.0566,0.381332495,-1.46872998,0.0566,1.52532998,1.27822238499535,0.0566,-1.41971999,958.5717673301697,0.8
16:02:29,5,0.2,0.8,0.0371067249330535,-0.293745996,0.0566,0.381332495,-1.46872998,0.0566,1.52532998,1.27822238499535,0.0566,-1.41971999,958.5717673301697,0.8
16:07:30,5,0.2,0.8,0.0371067249330535,-0.293745996,0.0566,0.381332495,-1.46872998,0.0566,1.52532998,1.27822238499535,0.0566,-1.41971999,958.5717673301697,0.8
16:12:32,5,0.2,0.8,0.0371067249330535,-0.293745996,0.0566,0.381332495,-1.46872998,0.0566,1.52532998,1.27822238499535,0.0566,-1.41971999,958.5717673301697,0.8
16:17:32,5,0.2,0.8,0.0371067249330535,-0.293745996,0.0566,0.381332495,-1.46872998,0.0566,1.52532998,1.27822238499535,0.0566,-1.41971999,958.5717673301697,0.8
16:22:33,5,0.2,0.8,0.0371067249330535,-0.293745996,0.0566,0.381332495,-1.46872998,0.0566,1.52532998,1.27822238499535,0.0566,-1.41971999,958.5717673301697,0.8
16:27:34,5,0.2,0.8,0.0371067249330535,-0.293745996,0.0566,0.381332495,-1.46872998,0.0566,1.52532998,1.27822238499535,0.0566,-1.41971999,958.5717673301697,0.8
16:32:35,5,0.2,0.8,0.0371067249330535,-0.293745996,0.0566,0.381332495,-1.46872998,0.0566,1.52532998,1.27822238499535,0.0566,-1.41971999,958.5717673301697,0.8
16:37:36,5,0.2,0.8,0.0371067249330535,-0.293745996,0.0566,0.381332495,-1.46872998,0.0566,1.52532998,1.27822238499535,0.0566,-1.41971999,958.5717673301697,0.8
16:42:36,5,0.2,0.8,0.0371067249330535,-0.293745996,0.0566,0.381332495,-1.46872998,0.0566,1.52532998,1.27822238499535,0.0566,-1.41971999,958.5717673301697,0.8
16:47:37,5,0.2,0.8,0.0371067249330535,-0.293745996,0.0566,0.381332495,-1.46872998,0.0566,1.52532998,1.27822238499535,0.0566,-1.41971999,958.5717673301697,0.8
16:52:38,5,0.2,0.8,0.0371067249330535,-0.293745996,0.0566,0.381332495,-1.46872998,0.0566,1.52532998,1.27822238499535,0.0566,-1.41971999,958.5717673301697,0.8
16:57:39,5,0.2,0.8,0.0371067249330535,-0.293745996,0.0566,0.381332495,-1.46872998,0.0566,1.52532998,1.27822238499535,0.0566,-1.41971999,958.5717673301697,0.8
17:02:40,5,0.2,0.8,0.0371067249330535,-0.293745996,0.0566,0.381332495,-1.46872998,0.0566,1.52532998,1.27822238499535,0.0566,-1.41971999,958.5717673301697,0.8
17:07:40,5,0.2,0.8,0.0371067249330535,-0.293745996,0.0566,0.381332495,-1.46872998,0.0566,1.52532998,1.27822238499535,0.0566,-1.41971999,958.5717673301697,0.8
17:12:41,5,0.2,0.8,0.0371067249330535,-0.293745996,0.0566,0.381332495,-1.46872998,0.0566,1.52532998,1.27822238499535,0.0566,-1.41971999,958.5717673301697,0.8
17:17:42,5,0.2,0.8,0.0371067249330535,-0.293745996,0.0566,0.381332495,-1.46872998,0.0566,1.52532998,1.27822238499535,0.0566,-1.41971999,958.5717673301697,0.8
17:22:43,5,0.2,0.8,0.0371067249330535,-0.293745996,0.0566,0.381332495,-1.46872998,0.0566,1.52532998,1.27822238499535,0.0566,-1.41971999,958.5717673301697,0.8
17:27:44,5,0.2,0.8,0.0371067249330535,-0.293745996,0.0566,0.381332495,-1.46872998,0.0566,1.52532998,1.27822238499535,0.0566,-1.41971999,958.5717673301697,0.8
17:32:45,5,0.2,0.8,0.0371067249330535,-0.293745996,0.0566,0.381332495,-1.46872998,0.0566,1.52532998,1.27822238499535,0.0566,-1.41971999,958.5717673301697,0.8
17:37:46,5,0.2,0.8,0.0371067249330535,-0.293745996,0.0566,0.381332495,-1.46872998,0.0566,1.52532998,1.27822238499535,0.0566,-1.41971999,958.5717673301697,0.8
17:42:47,5,0.2,0.8,0.0371067249330535,-0.293745996,0.0566,0.381332495,-1.46872998,0.0566,1.52532998,1.27822238499535,0.0566,-1.41971999,958.5717673301697,0.8
17:47:48,5,0.2,0.8,0.0371067249330535,-0.293745996,0.0566,0.381332495,-1.46872998,0.0566,1.52532998,1.27822238499535,0.0566,-1.41971999,958.5717673301697,0.8
17:52:49,6,0.16666666666666666,0.8333333333333334,0.0321216768209946,-0.28424166333333334,0.0566,0.352409996,-1.70544998,0.0566,1.76204998,1.4109040249953502,0.0566,-1.41971999,820.0632852713267,0.6666666666666666
17:57:49,6,0.16666666666666666,0.8333333333333334,0.0321216768209946,-0.28424166333333334,0.0566,0.352409996,-1.70544998,0.0566,1.76204998,1.4109040249953502,0.0566,-1.41971999,820.0632852713267,0.6666666666666666
18:02:50,6,0.16666666666666666,0.8333333333333334,0.0321216768209946,-0.28424166333333334,0.0566,0.352409996,-1.70544998,0.0566,1.76204998,1.4109040249953502,0.0566,-1.41971999,820.0632852713267,0.6666666666666666
18:07:51,6,0.16666666666666666,0.8333333333333334,0.0321216768209946,-0.28424166333333334,0.0566,0.352409996,-1.70544998,0.0566,1.76204998,1.4109040249953502,0.0566,-1.41971999,820.0632852713267,0.6666666666666666
18:12:52,6,0.16666666666666666,0.8333333333333334,0.0321216768209946,-0.28424166333333334,0.0566,0.352409996,-1.70544998,0.0566,1.76204998,1.4109040249953502,0.0566,-1.41971999,820.0632852713267,0.6666666666666666
18:17:53,6,0.16666666666666666,0.8333333333333334,0.0321216768209946,-0.28424166333333334,0.0566,0.352409996,-1.70544998,0.0566,1.76204998,1.4109040249953502,0.0566,-1.41971999,820.0632852713267,0.6666666666666666
18:22:54,6,0.16666666666666666,0.8333333333333334,0.0321216768209946,-0.28424166333333334,0.0566,0.352409996,-1.70544998,0.0566,1.76204998,1.4109040249953502,0.0566,-1.41971999,820.0632852713267,0.6666666666666666
18:27:55,6,0.16666666666666666,0.8333333333333334,0.0321216768209946,-0.28424166333333334,0.0566,0.352409996,-1.70544998,0.0566,1.76204998,1.4109040249953502,0.0566,-1.41971999,820.0632852713267,0.6666666666666666
18:32:55,6,0.16666666666666666,0.8333333333333334,0.0321216768209946,-0.28424166333333334,0.0566,0.352409996,-1.70544998,0.0566,1.76204998,1.4109040249953502,0.0566,-1.41971999,820.0632852713267,0.6666666666666666
18:37:56,6,0.16666666666666666,0.8333333333333334,0.0321216768209946,-0.28424166333333334,0.0566,0.352409996,-1.70544998,0.0566,1.76204998,1.4109040249953502,0.0566,-1.41971999,820.0632852713267,0.6666666666666666
18:42:57,6,0.16666666666666666,0.8333333333333334,0.0321216768209946,-0.28424166333333334,0.0566,0.352409996,-1.70544998,0.0566,1.76204998,1.4109040249953502,0.0566,-1.41971999,820.0632852713267,0.6666666666666666
18:47:58,7,0.14285714285714285,0.8571428571428571,0.031029681381420364,-0.2524942828571428,0.0566,0.30400999666666667,-1.76745998,0.0566,1.82405998,1.47053635999535,0.0566,-1.41971999,711.5095529896872,0.5714285714285714
18:52:59,7,0.14285714285714285,0.8571428571428571,0.031029681381420364,-0.2524942828571428,0.0566,0.30400999666666667,-1.76745998,0.0566,1.82405998,1.47053635999535,0.0566,-1.41971999,711.5095529896872,0.5714285714285714
18:58:00,7,0.14285714285714285,0.8571428571428571,0.031029681381420364,-0.2524942828571428,0.0566,0.30400999666666667,-1.76745998,0.0566,1.82405998,1.47053635999535,0.0566,-1.41971999,711.5095529896872,0.5714285714285714
19:03:00,7,0.14285714285714285,0.8571428571428571,0.031029681381420364,-0.2524942828571428,0.0566,0.30400999666666667,-1.76745998,0.0566,1.82405998,1.47053635999535,0.0566,-1.41971999,711.5095529896872,0.5714285714285714
19:08:01,7,0.14285714285714285,0.8571428571428571,0.031029681381420364,-0.2524942828571428,0.0566,0.30400999666666667,-1.76745998,0.0566,1.82405998,1.47053635999535,0.0566,-1.41971999,711.5095529896872,0.5714285714285714
19:13:02,7,0.14285714285714285,0.8571428571428571,0.031029681381420364,-0.2524942828571428,0.0566,0.30400999666666667,-1.76745998,0.0566,1.82405998,1.47053635999535,0.0566,-1.41971999,711.5095529896872,0.5714285714285714
19:18:03,7,0.14285714285714285,0.8571428571428571,0.031029681381420364,-0.2524942828571428,0.0566,0.30400999666666667,-1.76745998,0.0566,1.82405998,1.47053635999535,0.0566,-1.41971999,711.5095529896872,0.5714285714285714
19:55:54,16,0.3125,0.6875,0.25398045155728416,-0.10741562375000001,0.117022,0.20943272545454547,-1.71864998,0.58511,2.30375998,2.05478421999535,0.14409,-1.41971999,1018.1173044329881,0.4375
20:00:55,16,0.3125,0.6875,0.25398045155728416,-0.10741562375000001,0.117022,0.20943272545454547,-1.71864998,0.58511,2.30375998,2.05478421999535,0.14409,-1.41971999,1018.1173044329881,0.4375
20:05:56,16,0.3125,0.6875,0.25398045155728416,-0.10741562375000001,0.117022,0.20943272545454547,-1.71864998,0.58511,2.30375998,2.05478421999535,0.14409,-1.41971999,1018.1173044329881,0.4375
20:10:57,16,0.3125,0.6875,0.25398045155728416,-0.10741562375000001,0.117022,0.20943272545454547,-1.71864998,0.58511,2.30375998,2.05478421999535,0.14409,-1.41971999,1018.1173044329881,0.4375
20:15:58,16,0.3125,0.6875,0.25398045155728416,-0.10741562375000001,0.117022,0.20943272545454547,-1.71864998,0.58511,2.30375998,2.05478421999535,0.14409,-1.41971999,1018.1173044329881,0.4375
20:20:58,16,0.3125,0.6875,0.25398045155728416,-0.10741562375000001,0.117022,0.20943272545454547,-1.71864998,0.58511,2.30375998,2.05478421999535,0.14409,-1.41971999,1018.1173044329881,0.4375
20:25:59,16,0.3125,0.6875,0.25398045155728416,-0.10741562375000001,0.117022,0.20943272545454547,-1.71864998,0.58511,2.30375998,2.05478421999535,0.14409,-1.41971999,1018.1173044329881,0.4375
20:31:00,16,0.3125,0.6875,0.25398045155728416,-0.10741562375000001,0.117022,0.20943272545454547,-1.71864998,0.58511,2.30375998,2.05478421999535,0.14409,-1.41971999,1018.1173044329881,0.4375
20:36:01,16,0.3125,0.6875,0.25398045155728416,-0.10741562375000001,0.117022,0.20943272545454547,-1.71864998,0.58511,2.30375998,2.05478421999535,0.14409,-1.41971999,1018.1173044329881,0.4375
20:41:02,16,0.3125,0.6875,0.25398045155728416,-0.10741562375000001,0.117022,0.20943272545454547,-1.71864998,0.58511,2.30375998,2.05478421999535,0.14409,-1.41971999,1018.1173044329881,0.4375
20:46:03,16,0.3125,0.6875,0.25398045155728416,-0.10741562375000001,0.117022,0.20943272545454547,-1.71864998,0.58511,2.30375998,2.05478421999535,0.14409,-1.41971999,1018.1173044329881,0.4375
20:51:03,16,0.3125,0.6875,0.25398045155728416,-0.10741562375000001,0.117022,0.20943272545454547,-1.71864998,0.58511,2.30375998,2.05478421999535,0.14409,-1.41971999,1018.1173044329881,0.4375
20:56:04,16,0.3125,0.6875,0.25398045155728416,-0.10741562375000001,0.117022,0.20943272545454547,-1.71864998,0.58511,2.30375998,2.05478421999535,0.14409,-1.41971999,1018.1173044329881,0.4375
21:01:05,16,0.3125,0.6875,0.25398045155728416,-0.10741562375000001,0.117022,0.20943272545454547,-1.71864998,0.58511,2.30375998,2.05478421999535,0.14409,-1.41971999,1018.1173044329881,0.4375
21:06:06,17,0.29411764705882354,0.7058823529411765,0.2528445082804578,-0.10170588117647061,0.117022,0.19284249833333333,-1.72899998,0.58511,2.31410998,2.11447784499535,0.14409,-1.41971999,1089.2071470686967,0.4117647058823529
21:11:07,17,0.29411764705882354,0.7058823529411765,0.2528445082804578,-0.10170588117647061,0.117022,0.19284249833333333,-1.72899998,0.58511,2.31410998,2.11447784499535,0.14409,-1.41971999,1089.2071470686967,0.4117647058823529
21:16:08,17,0.29411764705882354,0.7058823529411765,0.2528445082804578,-0.10170588117647061,0.117022,0.19284249833333333,-1.72899998,0.58511,2.31410998,2.11447784499535,0.14409,-1.41971999,1089.2071470686967,0.4117647058823529
21:21:09,17,0.29411764705882354,0.7058823529411765,0.2528445082804578,-0.10170588117647061,0.117022,0.19284249833333333,-1.72899998,0.58511,2.31410998,2.11447784499535,0.14409,-1.41971999,1089.2071470686967,0.4117647058823529
21:26:10,17,0.29411764705882354,0.7058823529411765,0.2528445082804578,-0.10170588117647061,0.117022,0.19284249833333333,-1.72899998,0.58511,2.31410998,2.11447784499535,0.14409,-1.41971999,1089.2071470686967,0.4117647058823529
21:31:10,17,0.29411764705882354,0.7058823529411765,0.2528445082804578,-0.10170588117647061,0.117022,0.19284249833333333,-1.72899998,0.58511,2.31410998,2.11447784499535,0.14409,-1.41971999,1089.2071470686967,0.4117647058823529
21:36:11,17,0.29411764705882354,0.7058823529411765,0.2528445082804578,-0.10170588117647061,0.117022,0.19284249833333333,-1.72899998,0.58511,2.31410998,2.11447784499535,0.14409,-1.41971999,1089.2071470686967,0.4117647058823529
